{
    "accuracy": 0.6511156186612576,
    "precision": 0.5847457627118644,
    "recall": 0.6509433962264151,
    "f1_score": 0.6160714285714286,
    "roc_auc": 0.7083193446585644
}