Model,Accuracy,Precision,Recall,F1-Score,ROC-AUC,Training Time
Logistic Regression,0.7145454545454546,0.7248908296943232,0.6384615384615384,0.6789366053169734,0.7795225464190981,0.0088
Decision Tree,0.6818181818181818,0.6748971193415638,0.6307692307692307,0.6520874751491054,0.7126657824933686,0.0063
Random Forest,0.68,0.6794871794871795,0.6115384615384616,0.6437246963562753,0.7510676392572944,0.2729
XGBoost,0.6763636363636364,0.664,0.6384615384615384,0.6509803921568628,0.7353183023872678,0.1549
Neural Network,0.730909090909091,0.7105263157894737,0.7269230769230769,0.7186311787072244,0.7931830238726791,0.595
